{"Records":[{"App_ID":"13","App_Name":"ATT_PRTL"},{"App_ID":"15","App_Name":"Automatics_Weekly_Testing"},{"App_ID":"23","App_Name":"BDD_Overview"},{"App_ID":"24","App_Name":"Business_ATT"},{"App_ID":"10","App_Name":"CI_TDD"},{"App_ID":"6","App_Name":"CMI_CDA_eCOM"},{"App_ID":"16","App_Name":"Conformiq"},{"App_ID":"22","App_Name":"DemoApp"},{"App_ID":"14","App_Name":"eCare_PVT"},{"App_ID":"18","App_Name":"EDD"},{"App_ID":"25","App_Name":"LSUSRPRT"},{"App_ID":"9","App_Name":"MyATT_AT"},{"App_ID":"7","App_Name":"MyATT_IST"},{"App_ID":"8","App_Name":"MyATT_IST_Web_Mobile"},{"App_ID":"2","App_Name":"MyATT_PVT"},{"App_ID":"3","App_Name":"MyATT_UAT"},{"App_ID":"19","App_Name":"OPSS_Agile"},{"App_ID":"21","App_Name":"OPSS_BE_IST"},{"App_ID":"20","App_Name":"OPSS_FE_IST"},{"App_ID":"12","App_Name":"OPSS_IST"},{"App_ID":"5","App_Name":"OPSS_PVT"},{"App_ID":"11","App_Name":"OPSS_UAT"},{"App_ID":"17","App_Name":"Solution_Demo"},{"App_ID":"26","App_Name":"SWOT"},{"App_ID":"1","App_Name":"Testing"},{"App_ID":"4","App_Name":"Test_OM"}]}